{
  "model": "dcgan",
  "n_generated": 100,
  "fid_domain_adapted": 15.236084861772152,
  "tstr_accuracy": 1.0,
  "mean_pneumonia_score": 0.020715655758976936,
  "epochs": 50,
  "batch_size": 32,
  "noise_dim": 100,
  "learning_rate": 0.0002,
  "final_G_loss": 5.713233771402974,
  "final_D_loss": 0.19273812197579826,
  "seed": 42
}