{
  "models": {
    "Stable Diffusion": {
      "model": "stable_diffusion_img2img",
      "n_generated": 100,
      "fid_domain_adapted": 94.70784364392257,
      "tstr_accuracy": 100.0,
      "mean_pneumonia_score": 0.8225458264350891,
      "strength": 0.7,
      "seed": 42,
      "note": "FID comparison exploratory \u2014 different input distribution"
    },
    "DCGAN": {
      "model": "dcgan",
      "n_generated": 100,
      "fid_domain_adapted": 15.236084861772152,
      "tstr_accuracy": 100.0,
      "mean_pneumonia_score": 0.9548214673995972,
      "epochs": 50,
      "batch_size": 32,
      "noise_dim": 100,
      "learning_rate": 0.0002,
      "final_G_loss": 5.713233771402974,
      "final_D_loss": 0.19273812197579826,
      "seed": 42
    },
    "WGAN-GP": {
      "model": "wgan_gp",
      "n_generated": 100,
      "fid_domain_adapted": 11.098164794686305,
      "tstr_accuracy": 100.0,
      "mean_pneumonia_score": 0.9410611987113953,
      "epochs": 50,
      "batch_size": 32,
      "noise_dim": 100,
      "learning_rate": 0.0001,
      "lambda_gp": 10,
      "critic_iterations": 5,
      "final_G_loss": -2.7212891172279012,
      "final_C_loss": -3.688484305783737,
      "seed": 42
    },
    "VQ-VAE": {
      "model": "vqvae",
      "n_generated": 100,
      "fid_domain_adapted": 46.586989168788534,
      "tstr_accuracy": 100.0,
      "mean_pneumonia_score": 0.9408174753189087,
      "epochs": 50,
      "batch_size": 32,
      "hidden_dim": 128,
      "embed_dim": 64,
      "num_embeddings": 512,
      "beta": 0.25,
      "learning_rate": 0.001,
      "final_loss": 0.0021171183748678727,
      "final_recon_loss": 0.0010161337583164168,
      "seed": 42,
      "note": "Random codebook sampling without PixelCNN prior"
    },
    "DDPM": {
      "model": "ddpm",
      "n_generated": 100,
      "fid_domain_adapted": 8.962898957707559,
      "tstr_accuracy": 100.0,
      "mean_pneumonia_score": 0.9040848612785339,
      "epochs": 50,
      "batch_size": 32,
      "num_timesteps": 1000,
      "learning_rate": 0.0001,
      "final_loss": 0.019496977864187366,
      "seed": 42
    },
    "Flow Matching": {
      "model": "flow_matching_v2",
      "n_generated": 100,
      "fid_domain_adapted": 6.204777845049774,
      "tstr_accuracy": 100.0,
      "mean_pneumonia_score": 0.9191087484359741,
      "epochs": 100,
      "batch_size": 32,
      "learning_rate": 0.0001,
      "ema_decay": 0.999,
      "final_loss": 0.10951865790796673,
      "seed": 42,
      "improvements": [
        "attention layers at 16x16 and 8x8",
        "EMA for stable generation",
        "cosine LR schedule",
        "100 epochs (2x v1)",
        "adaptive ODE solver (dopri5)"
      ]
    }
  },
  "best_fid": {
    "model": "Flow Matching",
    "score": 6.204777845049774
  },
  "best_tstr": {
    "model": "Stable Diffusion",
    "score": 100.0
  }
}