Model,FID (↓),TSTR (↑),Mean Pneumonia Score,Epochs
Flow Matching,6.204777845049774,100.0,0.9191087484359741,100
DDPM,8.962898957707559,100.0,0.9040848612785339,50
WGAN-GP,11.098164794686305,100.0,0.9410611987113953,50
DCGAN,15.236084861772152,100.0,0.9548214673995972,50
VQ-VAE,46.586989168788534,100.0,0.9408174753189087,50
Stable Diffusion,94.70784364392257,100.0,0.8225458264350891,N/A
