Model,FID (↓),TSTR (↑),Mean Pneumonia Score,Epochs
DDPM,8.962898957707559,100.0,0.9040848612785339,50
WGAN-GP,11.098164794686305,100.0,0.9410611987113953,50
DCGAN,15.236084861772152,100.0,0.9548214673995972,50
Flow Matching,40.353098801156754,100.0,0.8909754753112793,50
VQ-VAE,46.586989168788534,100.0,0.9408174753189087,50
Stable Diffusion,94.70784364392257,100.0,0.8225458264350891,N/A
