{
  "model": "ddpm",
  "n_generated": 100,
  "fid_domain_adapted": 165.33400899856554,
  "tstr_accuracy": 100.0,
  "mean_pneumonia_score": 0.8015575408935547,
  "epochs": 50,
  "batch_size": 32,
  "num_timesteps": 1000,
  "learning_rate": 0.0001,
  "final_loss": 0.019496975905331206,
  "seed": 42
}